-- phpMyAdmin SQL Dump
-- version 5.2.0
-- https://www.phpmyadmin.net/
--
-- Host: localhost:3306
-- Generation Time: Aug 15, 2022 at 03:52 AM
-- Server version: 5.7.33
-- PHP Version: 7.4.19

SET SQL_MODE = "NO_AUTO_VALUE_ON_ZERO";
START TRANSACTION;
SET time_zone = "+00:00";


/*!40101 SET @OLD_CHARACTER_SET_CLIENT=@@CHARACTER_SET_CLIENT */;
/*!40101 SET @OLD_CHARACTER_SET_RESULTS=@@CHARACTER_SET_RESULTS */;
/*!40101 SET @OLD_COLLATION_CONNECTION=@@COLLATION_CONNECTION */;
/*!40101 SET NAMES utf8mb4 */;

--
-- Database: `tokomurah`
--

-- --------------------------------------------------------

--
-- Table structure for table `alternatif`
--

CREATE TABLE `alternatif` (
  `id_barcode` varchar(255) NOT NULL,
  `id_alternatif` varchar(255) NOT NULL,
  `satuan` float NOT NULL
) ENGINE=InnoDB DEFAULT CHARSET=latin1;

--
-- Dumping data for table `alternatif`
--

INSERT INTO `alternatif` (`id_barcode`, `id_alternatif`, `satuan`) VALUES
('10', '10', 25),
('10', '20', 0.5),
('20', '20', 0.5),
('20', '10', 25);

-- --------------------------------------------------------

--
-- Table structure for table `barang`
--

CREATE TABLE `barang` (
  `id_barcode` varchar(255) NOT NULL,
  `id_kategori` int(11) NOT NULL,
  `kode_supplier` varchar(50) NOT NULL,
  `nama_barang` text NOT NULL,
  `harga_beli` varchar(255) NOT NULL,
  `harga_jual` varchar(255) NOT NULL,
  `satuan_barang` varchar(255) NOT NULL,
  `stok` text NOT NULL,
  `tgl_input` varchar(255) NOT NULL,
  `tgl_update` varchar(255) DEFAULT NULL
) ENGINE=InnoDB DEFAULT CHARSET=latin1;

--
-- Dumping data for table `barang`
--

INSERT INTO `barang` (`id_barcode`, `id_kategori`, `kode_supplier`, `nama_barang`, `harga_beli`, `harga_jual`, `satuan_barang`, `stok`, `tgl_input`, `tgl_update`) VALUES
('500060', 24, 'C', 'Tissu Tessa 50 Sheet TP-19', '2200', '3000', 'Pcs', '9', '2022-07-14 23:19:39', '2022-07-19 14:24:01'),
('10102610668', 24, 'C', 'Tissu Paseo Smart 250 Sheet', '8000', '9000', 'Pcs', '24', '2022-07-14 23:19:39', '2022-07-14 23:19:39'),
('8992931025202', 24, 'C', 'Tissu Multi Pop UP 200 Sheet', '4000', '5000', 'Pcs', '7', '2022-07-14 23:19:39', '2022-07-14 23:19:39'),
('8992931029521', 24, 'C', 'Tissu Toilet Multi', '2800', '3500', 'Pcs', '3', '2022-07-14 23:19:39', '2022-07-14 23:19:39'),
('8993189320279', 15, 'D', 'Pembalut Charm Safe Night 250mm isi 6', '8500', '10000', 'Pack', '14', '2022-07-14 23:19:39', '2022-07-14 23:19:39'),
('89998866602273', 15, 'D', 'Pembalut Hers Protex Extra Maxi 23cm isi 8', '2500', '3500', 'Pack', '14', '2022-07-14 23:19:39', '2022-07-14 23:19:39'),
('89998866500135', 15, 'D', 'Pembalut Hers Protex Maxi Wing 23cm isi 10', '4700', '6000', 'Pack', '14', '2022-07-14 23:19:39', '2022-07-14 23:19:39'),
('8992727000055', 15, 'D', 'Pembalut Laurier Active Day isi 10', '9500', '11000', 'Pack', '16', '2022-07-14 23:19:39', '2022-07-14 23:19:39'),
('8992727000062', 15, 'D', 'Pembalut Laurier Active Day isi 20', '14500', '16500', 'Pack', '11', '2022-07-14 23:19:39', '2022-07-14 23:19:39'),
('8998866575010', 15, 'D', 'Pembalut Hers Smart Pack isi 10', '2500', '3500', 'Pack', '16', '2022-07-14 23:19:39', '2022-07-14 23:19:39'),
('8998866500128', 15, 'D', 'Pembalut Hers Protex Soft Care isi 5', '2500', '3500', 'Pack', '13', '2022-07-14 23:19:39', '2022-07-14 23:19:39'),
('8968696043', 18, 'D', 'Popok Moko Moko Pants M isi 3', '4200', '5000', 'Pack', '16', '2022-07-14 23:19:39', '2022-07-14 23:19:39'),
('8993189270796', 18, 'D', 'Popok Mamy Poko Pants M isi 1', '2000', '2500', 'Pack', '15', '2022-07-14 23:19:39', '2022-07-14 23:19:39'),
('8998866608305', 20, 'E', 'Sabun GIV White Skincare 76 Gr', '2000', '2500', 'Pcs', '25', '2022-07-14 23:19:39', '2022-07-14 23:19:39'),
('8998866606158', 20, 'E', 'Sabun Nuvo Active Cool 110gr', '3000', '4000', 'Pcs', '23', '2022-07-14 23:19:39', '2022-07-14 23:19:39'),
('8998866618199', 20, 'E', 'Sabun Nuvo Familt Sakinah 76gr', '3000', '4000', 'Pcs', '27', '2022-07-14 23:19:39', '2022-07-14 23:19:39'),
('8998866608091', 20, 'E', 'Sabun Cair Nuvo Family Mild Protect 60ml', '2500', '3500', 'Pcs', '22', '2022-07-14 23:19:39', '2022-07-14 23:19:39'),
('8999999533774', 20, 'E', 'Sabun Citra Lulur Pearly White 70gr', '6500', '7500', 'Pcs', '24', '2022-07-14 23:19:39', '2022-07-14 23:19:39'),
('4809010740212', 20, 'E', 'Sabun Papaya Brightening Soap 135gr', '16000', '18000', 'Pcs', '7', '2022-07-14 23:19:39', '2022-07-14 23:19:39'),
('8992946511790', 20, 'E', 'Sabun Shinzhui Matsu 85gr', '3000', '4000', 'Pcs', '29', '2022-07-14 23:19:39', '2022-07-14 23:19:39'),
('8992946512285', 20, 'E', 'Sabun Shinzhui Kirei 85gr', '3000', '4000', 'Pcs', '27', '2022-07-14 23:19:39', '2022-07-14 23:19:39'),
('8992946521409', 20, 'E', 'Sabun Shinzhui Sakura 85gr', '3000', '4000', 'Pcs', '27', '2022-07-14 23:19:39', '2022-07-14 23:19:39'),
('8993560025021', 20, 'E', 'Sabun Dettol Fresh 100gr', '5000', '5500', 'Pcs', '32', '2022-07-14 23:19:39', '2022-07-14 23:19:39'),
('8993560024987', 20, 'E', 'Sabun Dettol Original 100gr', '5000', '5500', 'Pcs', '29', '2022-07-14 23:19:39', '2022-07-14 23:19:39'),
('8993560025236', 20, 'E', 'Sabun Dettol Lasting Fresh 100gr', '5000', '5500', 'Pcs', '25', '2022-07-14 23:19:39', '2022-07-14 23:19:39'),
('8999999036638', 20, 'E', 'Sabun Lux Velvet Touch 85gr', '3500', '4500', 'Pcs', '11', '2022-07-14 23:19:39', '2022-07-14 23:19:39'),
('8999999036638', 20, 'E', 'Sabun Lux Velvet Jasmine 85gr', '3500', '4500', 'Pcs', '19', '2022-07-14 23:19:39', '2022-07-14 23:19:39'),
('8999999036607', 20, 'E', 'Sabun Lux Soft Touch 85gr', '3500', '4500', 'Pcs', '19', '2022-07-14 23:19:39', '2022-07-14 23:19:39'),
('8999999036607', 20, 'E', 'Sabun Lux Soft Rose 85gr', '3500', '4500', 'Pcs', '20', '2022-07-14 23:19:39', '2022-07-14 23:19:39'),
('8990011998897', 20, 'I', 'Sabun Tawon Bee and Flower Sandalwood Soap 125gr', '10000', '11000', 'Pcs', '20', '2022-07-14 23:19:39', '2022-07-14 23:19:39'),
('8991906101644', 19, 'J', 'Djarum 76 Kretek isi 12', '13600', '14500', 'Bungkus', '33', '2022-07-14 23:19:39', '2022-07-14 23:19:39'),
('8991906101668', 19, 'J', 'Djarum 76 Kretek isi 16', '16800', '18500', 'Bungkus', '47', '2022-07-14 23:19:39', '2022-07-14 23:19:39'),
('110', 19, 'J', 'Safe Merah isi 12', '11800', '13000', 'Bungkus', '20', '2022-07-14 23:19:39', '2022-07-14 23:19:39'),
('8991906101019', 19, 'J', 'Djarum Super isi 12', '18800', '20000', 'Bungkus', '93', '2022-07-14 23:19:39', '2022-07-14 23:19:39'),
('8991906108384', 19, 'J', 'Djarum MLD isi 16', '25000', '26000', 'Bungkus', '43', '2022-07-14 23:19:39', '2022-07-14 23:19:39'),
('8998181941132', 19, 'J', 'Dunhill Hitam isi 20', '23600', '25000', 'Bungkus', '23', '2022-07-14 23:19:39', '2022-07-14 23:19:39'),
('8998989300391', 19, 'J', 'Surya Promild Putih isi 16', '20900', '22000', 'Bungkus', '21', '2022-07-14 23:19:39', '2022-07-14 23:19:39'),
('8998989121163', 19, 'J', 'Surya Promild Merah isi 16', '20900', '22000', 'Bungkus', '13', '2022-07-14 23:19:39', '2022-07-14 23:19:39'),
('8998989300261', 19, 'J', 'Surya 12 isi 12', '19800', '21000', 'Bungkus', '18', '2022-07-14 23:19:39', '2022-07-14 23:19:39'),
('8998989110167', 19, 'J', 'Surya 16 isi 16', '24000', '27000', 'Bungkus', '18', '2022-07-14 23:19:39', '2022-07-14 23:19:39'),
('8991906151076', 19, 'J', 'LA M isi 16', '23500', '25000', 'Bungkus', '11', '2022-07-14 23:19:39', '2022-07-14 23:19:39'),
('8991906151106', 19, 'J', 'LA ICE isi 16', '23500', '25000', 'Bungkus', '11', '2022-07-14 23:19:39', '2022-07-14 23:19:39'),
('8991906105758', 19, 'J', 'LA Bold isi 20', '27500', '28500', 'Bungkus', '15', '2022-07-14 23:19:39', '2022-07-14 23:19:39'),
('120', 19, 'J', 'Grendel Biru isi 12', '12500', '14000', 'Bungkus', '24', '2022-07-14 23:19:39', '2022-07-14 23:19:39'),
('130', 19, 'J', 'Tali Roso isi 12', '6800', '7500', 'Bungkus', '13', '2022-07-14 23:19:39', '2022-07-14 23:19:39'),
('140', 19, 'J', 'Andalan Merah isi 12', '12000', '13000', 'Bungkus', '25', '2022-07-14 23:19:39', '2022-07-14 23:19:39'),
('150', 19, 'J', 'Andalan Kuning isi 12', '6000', '7000', 'Bungkus', '23', '2022-07-14 23:19:39', '2022-07-14 23:19:39'),
('8999909085114', 19, 'J', 'Sampoerna AGA Kretek Hijau isi 12', '11800', '13000', 'Bungkus', '49', '2022-07-14 23:19:39', '2022-07-14 23:19:39'),
('8999909424999', 19, 'J', 'Mild Merah isi 16', '25500', '27000', 'Bungkus', '20', '2022-07-14 23:19:39', '2022-07-14 23:19:39'),
('8999909028234', 19, 'J', 'Dji Sam Soe isi 12', '16500', '18000', 'Bungkus', '30', '2022-07-14 23:19:39', '2022-07-14 23:19:39'),
('8999909010567', 19, 'J', 'Dji Sam Soe isi 16', '22500', '24000', 'Bungkus', '24', '2022-07-14 23:19:39', '2022-07-14 23:19:39'),
('160', 19, 'J', 'CHIEF isi 12', '7000', '8000', 'Bungkus', '16', '2022-07-14 23:19:39', '2022-07-14 23:19:39'),
('8999909028999', 19, 'J', 'Dji Sam Soe Hitam isi 12', '23000', '24000', 'Bungkus', '21', '2022-07-14 23:19:39', '2022-07-14 23:19:39'),
('8999909001909', 19, 'J', 'Dji Sam Soe Magnum isi 12', '16500', '18000', 'Bungkus', '25', '2022-07-14 23:19:39', '2022-07-14 23:19:39'),
('89981108', 19, 'J', 'Lucky Strike isi 20', '29800', '31000', 'Bungkus', '20', '2022-07-14 23:19:39', '2022-07-14 23:19:39'),
('89909379', 19, 'J', 'Marlboro Kretek isi 12', '8000', '9000', 'Bungkus', '23', '2022-07-14 23:19:39', '2022-07-14 23:19:39'),
('95508788', 19, 'J', 'Marlboro Black isi 20', '30500', '32500', 'Bungkus', '22', '2022-07-14 23:19:39', '2022-07-14 23:19:39'),
('76164217', 19, 'J', 'Marlboro Merah isi 20', '30500', '32500', 'Bungkus', '45', '2022-07-14 23:19:39', '2022-07-14 23:19:39'),
('8997018460150', 19, 'J', 'Marlboro Ice Brust isi 20', '30500', '32500', 'Bungkus', '11', '2022-07-14 23:19:39', '2022-07-14 23:19:39'),
('8994066110129', 5, 'F', 'Semir Rambut Hitam TOP LADY 3gr', '6500', '7500', 'Pcs', '18', '2022-07-14 23:19:39', '2022-07-14 23:19:39'),
('8992727006323', 5, 'E', 'Biore Mild Smooth 100gr', '22000', '24000', 'Pcs', '1', '2022-07-14 23:19:39', '2022-07-14 23:19:39'),
('8992727004206', 5, 'E', 'Biore Acne Care 100gr', '22000', '24000', 'Pcs', '9', '2022-07-14 23:19:39', '2022-07-14 23:19:39'),
('8992727003537', 5, 'E', 'Biore Mens Deep Fresh 100gr', '25000', '27000', 'Pcs', '7', '2022-07-14 23:19:39', '2022-07-14 23:19:39'),
('8992727005111', 5, 'E', 'Biore Double Scrub 100gr', '25000', '27000', 'Pcs', '20', '2022-07-14 23:19:39', '2022-07-14 23:19:39'),
('8992727000673', 5, 'E', 'Biore Cool Oil Clear 50gr', '14000', '15000', 'Pcs', '17', '2022-07-14 23:19:39', '2022-07-14 23:19:39'),
('8999999718978', 5, 'E', 'Rexona Rol Free Spirit', '14500', '16000', 'Pcs', '21', '2022-07-14 23:19:39', '2022-07-14 23:19:39'),
('8992304014451', 5, 'E', 'Garnier Skin Naturals Light Complete Whitening Serum 7ml', '3500', '4000', 'Pcs', '9', '2022-07-14 23:19:39', '2022-07-14 23:19:39'),
('8992772231015', 12, 'F', 'Vegeta Scrubber Hi-Fiber Serat 7,1gr', '2000', '3000', 'Pcs', '23', '2022-07-14 23:19:39', '2022-07-14 23:19:39'),
('8999777001186', 12, 'F', 'Hansaplast Koyo Hangat isi 2', '1500', '2000', 'Pcs', '18', '2022-07-14 23:19:39', '2022-07-14 23:19:39'),
('8993365170025', 12, 'F', 'Madu TJ Sachet 20gr', '850', '1000', 'Pcs', '12', '2022-07-14 23:19:39', '2022-07-14 23:19:39'),
('8993176721690', 12, 'F', 'Krim Pijat GPU Cap Lang 60gr', '8500', '11000', 'Pcs', '18', '2022-07-14 23:19:39', '2022-07-14 23:19:39'),
('8993176803204', 12, 'F', 'Minyak Gandapura Cap Lang', '13000', '15000', 'Pcs', '19', '2022-07-14 23:19:39', '2022-07-14 23:19:39'),
('8992003782354', 12, 'F', 'Antangin JRG', '2500', '3000', 'Pcs', '25', '2022-07-14 23:19:39', '2022-07-14 23:19:39'),
('8998898101409', 12, 'E', 'Tolak Angin isi 12', '31500', '34000', 'Pack', '28', '2022-07-14 23:19:39', '2022-07-14 23:19:39'),
('899358304201', 12, 'F', 'Bejo Jahe Merah 15ml', '2500', '3000', 'Pcs', '20', '2022-07-14 23:19:39', '2022-07-14 23:19:39'),
('8999999100506', 6, 'E', 'Kecap Bango Refill 550ml', '22000', '24000', 'Bungkus', '96', '2022-07-14 23:19:39', '2022-07-14 23:19:39'),
('8999999168889', 6, 'E', 'Kecap Bango Refill 220ml', '12000', '13000', 'Bungkus', '22', '2022-07-14 23:19:39', '2022-07-14 23:19:39'),
('8998866608084', 6, 'E', 'Kecap Sedap Manis 550ml', '19500', '21000', 'Bungkus', '21', '2022-07-14 23:19:39', '2022-07-14 23:19:39'),
('8998866608046', 6, 'E', 'Kecap Sedap 225ml', '8000', '9500', 'Bungkus', '22', '2022-07-14 23:19:39', '2022-07-14 23:19:39'),
('8998866608015', 6, 'E', 'Kecap Sedap Botol 275ml', '17500', '19000', 'Botol', '23', '2022-07-14 23:19:39', '2022-07-14 23:19:39'),
('8998866608008', 6, 'E', 'Kecap Sedap Botol 135ml', '6500', '7500', 'Botol', '41', '2022-07-14 23:19:39', '2022-07-14 23:19:39'),
('8998866608039', 6, 'E', 'Kecap Sedap Refill 63+6ml', '1500', '2000', 'Bungkus', '61', '2022-07-14 23:19:39', '2022-07-14 23:19:39'),
('711844110113', 6, 'F', 'ABC Kecap Manis 135ml', '6000', '7000', 'Botol', '25', '2022-07-14 23:19:39', '2022-07-14 23:19:39'),
('711844115057', 6, 'F', 'ABC Kecap Asin 133ml', '4000', '5000', 'Botol', '18', '2022-07-14 23:19:39', '2022-07-14 23:19:39'),
('8999999012625', 6, 'F', 'ABC Kecap Manis 220ml', '8500', '9500', 'Pcs', '22', '2022-07-14 23:19:39', '2022-07-14 23:19:39'),
('340', 6, 'F', 'ABC Kecap Manis 550ml', '19000', '21000', 'Pcs', '15', '2022-07-14 23:19:39', '2022-07-14 23:19:39'),
('350', 21, 'F', 'ABC Homestyle Sambal Terasi 20gr', '1000', '1500', 'Pcs', '22', '2022-07-14 23:19:39', '2022-07-14 23:19:39'),
('711844130112', 21, 'F', 'ABC Saos Sambal Pedas Asli 135ml', '6400', '7000', 'Botol', '24', '2022-07-14 23:19:39', '2022-07-14 23:19:39'),
('711844120105', 21, 'F', 'ABC Saos Pedas Manis 135ml', '6400', '7000', 'Botol', '13', '2022-07-14 23:19:39', '2022-07-14 23:19:39'),
('711844130111', 21, 'F', 'ABC Saos Tomat 135ml', '6400', '7000', 'Botol', '22', '2022-07-14 23:19:39', '2022-07-14 23:19:39'),
('230', 21, 'E', 'Sambal Terasi Cap Uleg 20gr', '1000', '1500', 'Botol', '45', '2022-07-14 23:19:39', '2022-07-14 23:19:39'),
('8999999706180', 14, 'E', 'Pepsodent Whitening 190gr', '10000', '11000', 'Pcs', '26', '2022-07-14 23:19:39', '2022-07-14 23:19:39'),
('8999999706173', 14, 'E', 'Pepsodent Whitening 120gr', '7500', '8500', 'Pcs', '20', '2022-07-14 23:19:39', '2022-07-14 23:19:39'),
('8999999706081', 14, 'E', 'Pepsodent Whitening 75gr', '4000', '5000', 'Pcs', '31', '2022-07-14 23:19:39', '2022-07-14 23:19:39'),
('8991102100458', 14, 'E', 'Formula Aksi Putih 75gr', '3500', '4500', 'Pcs', '24', '2022-07-14 23:19:39', '2022-07-14 23:19:39'),
('8998866100168', 14, 'E', 'Ciptadent Cool 200gr', '9500', '10500', 'Pcs', '20', '2022-07-14 23:19:39', '2022-07-14 23:19:39'),
('8998866181082', 14, 'E', 'Ciptadent Fresh 200gr', '9500', '10500', 'Pcs', '12', '2022-07-14 23:19:39', '2022-07-14 23:19:39'),
('8998866100151', 14, 'E', 'Ciptadent Cool 120gr', '6500', '8000', 'Pcs', '23', '2022-07-14 23:19:39', '2022-07-14 23:19:39'),
('8998866105064', 14, 'E', 'Ciptadent Fresh Ice Mint 120gr', '6500', '8000', 'Pcs', '12', '2022-07-14 23:19:39', '2022-07-14 23:19:39'),
('8998866100144', 14, 'E', 'Ciptadent Cool 80gr', '4000', '5000', 'Pcs', '19', '2022-07-14 23:19:39', '2022-07-14 23:19:39'),
('8998866181068', 14, 'E', 'Ciptadent Fresh 80gr', '4000', '5000', 'Pcs', '17', '2022-07-14 23:19:39', '2022-07-14 23:19:39'),
('8992725910332', 14, 'F', 'Listerine Cool Mint 250ml', '22000', '24000', 'Botol', '19', '2022-07-14 23:19:39', '2022-07-14 23:19:39'),
('8998866105934', 22, 'F', 'Sikat Gigi Ciptadent Total Clean', '2500', '3000', 'Pcs', '20', '2022-07-14 23:19:39', '2022-07-14 23:19:39'),
('240', 14, 'F', 'Kodomo Anak', '6500', '7500', 'Pcs', '22', '2022-07-14 23:19:39', '2022-07-14 23:19:39'),
('8999999048174', 20, 'F', 'Sunsilk Black Shine 70ml', '11000', '12000', 'Botol', '40', '2022-07-14 23:19:39', '2022-07-14 23:19:39'),
('250', 20, 'F', 'Sunsilk Smooth Silk 100ML', '20500', '22000', 'Botol', '24', '2022-07-14 23:19:39', '2022-07-14 23:19:39'),
('8999999033132', 20, 'F', 'Lifeboy Rambut Rontok 170ml', '19500', '21000', 'Botol', '20', '2022-07-14 23:19:39', '2022-07-14 23:19:39'),
('8999999719616', 20, 'F', 'Lifeboy Rambut Rontok 100ml', '20000', '22000', 'Botol', '21', '2022-07-14 23:19:39', '2022-07-14 23:19:39'),
('8999999033163', 20, 'F', 'Lifeboy Kuat Berkilau 70+21ml', '11000', '12500', 'Botol', '20', '2022-07-14 23:19:39', '2022-07-14 23:19:39'),
('8999999033200', 20, 'F', 'Lifeboy Anti Ketombe 70+21ml', '11000', '125000', 'Botol', '21', '2022-07-14 23:19:39', '2022-07-14 23:19:39'),
('8998866104043', 20, 'F', 'Zinc Hair Fall Treatment 70ml', '10000', '11000', 'Botol', '20', '2022-07-14 23:19:39', '2022-07-14 23:19:39'),
('8998866100649', 20, 'F', 'Emeron Soft Smooth 170ml', '19000', '20000', 'Botol', '25', '2022-07-14 23:19:39', '2022-07-14 23:19:39'),
('8998866106313', 5, 'F', 'Emeron Lovely White Red Pomegranate 250ml', '8500', '9500', 'Botol', '23', '2022-07-14 23:19:39', '2022-07-14 23:19:39'),
('8998866106306', 5, 'F', 'Emeron Lovely White Red Pomegranate 100ml', '5000', '6500', 'Botol', '25', '2022-07-14 23:19:39', '2022-07-14 23:19:39'),
('8998866105491', 5, 'F', 'Emeron Lovely White Jeju Orange 100ml', '5000', '6500', 'Botol', '22', '2022-07-14 23:19:39', '2022-07-14 23:19:39'),
('360', 8, 'G', 'Kopi Kapal Api 65gr', '4500', '6000', 'Pcs', '63', '2022-07-14 23:19:39', '2022-07-14 23:19:39'),
('370', 8, 'G', 'Kopi Kapal Api Renteng 7gr', '400', '500', 'Pcs', '91', '2022-07-14 23:19:39', '2022-07-14 23:19:39'),
('8991002105645', 8, 'G', 'Kopi Kapal Api Mantap Kopi+Gula 25gr', '1000', '1100', 'Pcs', '90', '2022-07-14 23:19:39', '2022-07-14 23:19:39'),
('8994171101081', 8, 'G', 'Kopi Luwak Hitam Kopi+Gula 25gr', '1000', '1500', 'Pcs', '98', '2022-07-14 23:19:39', '2022-07-14 23:19:39'),
('8994171101289', 8, 'G', 'Kopi Luwak White Renteng', '1000', '1100', 'Pcs', '94', '2022-07-14 23:19:39', '2022-07-14 23:19:39'),
('9311931024036', 8, 'G', 'Kopi Indocafe Coffeemix 3 in 1 20gr', '1100', '1300', 'Pcs', '27', '2022-07-14 23:19:39', '2022-07-14 23:19:39'),
('8996001410042', 8, 'G', 'Kopi Torabika Tora Moka 28gr', '1000', '1100', 'Pcs', '75', '2022-07-14 23:19:39', '2022-07-14 23:19:39'),
('380', 8, 'G', 'Kopi Torabika Susu', '1000', '1100', 'Pcs', '89', '2022-07-14 23:19:39', '2022-07-14 23:19:39'),
('390', 8, 'G', 'Kopi Torabika Cappucino', '1600', '2000', 'Pcs', '66', '2022-07-14 23:19:39', '2022-07-14 23:19:39'),
('8998666001306', 8, 'G', 'Kopi Torabika Creamy Latte', '1600', '2000', 'Pcs', '85', '2022-07-14 23:19:39', '2022-07-14 23:19:39'),
('8998866200646', 8, 'G', 'Kopi TOP Robusta Arabica Blend Kopi Murni 158gr', '10000', '11000', 'Pcs', '24', '2022-07-14 23:19:39', '2022-07-14 23:19:39'),
('400', 8, 'G', 'Kopi TOP Moka', '1100', '1500', 'Pcs', '31', '2022-07-14 23:19:39', '2022-07-14 23:19:39'),
('410', 8, 'G', 'Kopi TOP Susu', '1100', '1500', 'Pcs', '80', '2022-07-14 23:19:39', '2022-07-14 23:19:39'),
('8998866609234', 8, 'G', 'Kopi TOP White Coffee 20gr', '1100', '1500', 'Pcs', '36', '2022-07-14 23:19:39', '2022-07-14 23:19:39'),
('420', 8, 'G', 'Kopi TOP kecil', '400', '500', 'Pcs', '33', '2022-07-14 23:19:39', '2022-07-14 23:19:39'),
('430', 8, 'G', 'Kopi TOP Kopi Gula', '1000', '1500', 'Pcs', '50', '2022-07-14 23:19:39', '2022-07-14 23:19:39'),
('8991002186723', 8, 'G', 'Kopi Kapten 60gr', '2800', '3500', 'Pcs', '33', '2022-07-14 23:19:39', '2022-07-14 23:19:39'),
('8991002103733', 8, 'G', 'Kopi Good day Freeze 20gr', '2000', '2500', 'Pcs', '97', '2022-07-14 23:19:39', '2022-07-14 23:19:39'),
('260', 8, 'G', 'Kopi 1+1', '15000', '16000', 'Pcs', '35', '2022-07-14 23:19:39', '2022-07-14 23:19:39'),
('8997021290164', 8, 'G', 'Teh Candi Borobudur isi 25', '5000', '6500', 'Pack', '23', '2022-07-14 23:19:39', '2022-07-14 23:19:39'),
('8994286130570', 8, 'G', 'Teh Dandang Jasmine Tea isi 25', '6000', '7500', 'Pack', '25', '2022-07-14 23:19:39', '2022-07-14 23:19:39'),
('8999999195649', 8, 'G', 'Teh Sariwangi isi 25', '6500', '7500', 'Pack', '20', '2022-07-14 23:19:39', '2022-07-14 23:19:39'),
('8998866202800', 11, 'G', 'Segar Dingin SD C-1000 7gr', '1000', '1500', 'Pcs', '42', '2022-07-14 23:19:39', '2022-07-14 23:19:39'),
('8992702000018', 23, 'G', 'Indomilk Kaleng Putih 370gr', '10000', '11500', 'Kaleng', '24', '2022-07-14 23:19:39', '2022-07-14 23:19:39'),
('8992702000063', 23, 'G', 'Indomilk Kaleng Cokelat 370gr', '9000', '10500', 'Kaleng', '22', '2022-07-14 23:19:39', '2022-07-14 23:19:39'),
('8993007001557', 23, 'G', 'Indomilk Sachet Kental Manis Putih 37gr', '800', '1000', 'Pcs', '36', '2022-07-14 23:19:39', '2022-07-14 23:19:39'),
('8993007001359', 23, 'G', 'Indomilk Sachet Kental Manis Cokelat 37gr', '800', '1000', 'Pcs', '49', '2022-07-14 23:19:39', '2022-07-14 23:19:39'),
('270', 10, 'F', 'Bihun Jagung Padamu 350gr', '6000', '7500', 'Pcs', '24', '2022-07-14 23:19:39', '2022-07-14 23:19:39'),
('280', 10, 'F', 'Bihun Cap Jempol 125gr', '2500', '3500', 'Pcs', '21', '2022-07-14 23:19:39', '2022-07-14 23:19:39'),
('290', 10, 'F', 'Mie Kenduri 785gr', '10000', '11000', 'Pcs', '24', '2022-07-14 23:19:39', '2022-07-14 23:19:39'),
('440', 10, 'F', 'Mie Kering Gandum Cap Burung Dara isi 2 136gr', '2000', '2500', 'Pcs', '25', '2022-07-14 23:19:39', '2022-07-14 23:19:39'),
('8991688890484', 10, 'F', 'Mie Kering Pipih Cap Burung Dara isi 2 140gr', '2000', '2500', 'Pcs', '20', '2022-07-14 23:19:39', '2022-07-14 23:19:39'),
('8943448211724', 10, 'F', 'Mie Lebar Cap Rombong', '4000', '5000', 'Bungkus', '23', '2022-07-14 23:19:39', '2022-07-14 23:19:39'),
('8998866200981', 10, 'F', 'Mie Kering Eko Mie isi 2pcs 120gr', '2000', '2500', 'Bungkus', '22', '2022-07-14 23:19:39', '2022-07-14 23:19:39'),
('450', 10, 'F', 'Mie Indomie Goreng 85gr', '2500', '3000', 'Pcs', '75', '2022-07-14 23:19:39', '2022-07-14 23:19:39'),
('460', 10, 'F', 'Mie Indomie Kuah Soto 70gr', '2500', '2800', 'Pcs', '80', '2022-07-14 23:19:39', '2022-07-14 23:19:39'),
('470', 10, 'F', 'Mie Indomie Kuah Ayam Bawang 69gr', '2600', '3000', 'Pcs', '75', '2022-07-14 23:19:39', '2022-07-14 23:19:39'),
('480', 10, 'F', 'Mie Sedap Goreng 90gr', '2500', '3000', 'Pcs', '56', '2022-07-14 23:19:39', '2022-07-14 23:19:39'),
('490', 10, 'F', 'Mie Sedap Ayam Bawang 70gr', '2500', '3000', 'Pcs', '67', '2022-07-14 23:19:39', '2022-07-14 23:19:39'),
('500', 10, 'F', 'Mie Sedap Kare Spesial 72gr', '2500', '3000', 'Pcs', '69', '2022-07-14 23:19:39', '2022-07-14 23:19:39'),
('8998866200882', 10, 'F', 'Mie Suksess isi 2', '3500', '4000', 'Pcs', '87', '2022-07-14 23:19:39', '2022-07-14 23:19:39'),
('8996001440353', 11, 'F', 'Energen Rasa Jahe 29gr', '1250', '1500', 'Pcs', '72', '2022-07-14 23:19:39', '2022-07-14 23:19:39'),
('510', 11, 'F', 'Energen Rasa Coklat 29gr', '1250', '1500', 'Pcs', '94', '2022-07-14 23:19:39', '2022-07-14 23:19:39'),
('520', 11, 'F', 'Energen Rasa Jagung 29gr', '1250', '1500', 'Pcs', '61', '2022-07-14 23:19:39', '2022-07-14 23:19:39'),
('530', 11, 'F', 'Energen Rasa Kurma 29gr', '1500', '2000', 'Pcs', '82', '2022-07-14 23:19:39', '2022-07-14 23:19:39'),
('8992987001014', 9, 'F', 'Sarden Maya Rasa Saus Tomat 155gr', '9000', '10000', 'Kaleng', '10', '2022-07-14 23:19:39', '2022-07-14 23:19:39'),
('8993160280851', 9, 'F', 'Kornet Ajib rasa Chilli Fakes 340gr', '15000', '16000', 'Kaleng', '1', '2022-07-14 23:19:39', '2022-07-14 23:19:39'),
('888600810104', 11, 'G', 'Air Mineral Aqua Gelas 220ml x 40', '29500', '32000', 'Karton', '61', '2022-07-14 23:19:39', '2022-07-14 23:19:39'),
('540', 11, 'G', 'Air Mineral Aqua Botol 1500ml', '3800', '5000', 'Botol', '51', '2022-07-14 23:19:39', '2022-07-14 23:19:39'),
('550', 11, 'G', 'Air Mineral Aqua Botol 600ml', '3000', '3500', 'Botol', '91', '2022-07-14 23:19:39', '2022-07-14 23:19:39'),
('8996129803153', 11, 'G', 'Air Mineral Cleo Gelas 220ml x 40', '16800', '20000', 'Karton', '75', '2022-07-14 23:19:39', '2022-07-14 23:19:39'),
('8996129804372', 11, 'G', 'Air Mineral Cleo Cepuk 120ml x 40', '16800', '20000', 'Gelas', '58', '2022-07-14 23:19:39', '2022-07-14 23:19:39'),
('8996129809131', 11, 'G', 'Air Mineral Cleo Smart Botol x 24', '16850', '20000', 'Karton', '54', '2022-07-14 23:19:39', '2022-07-14 23:19:39'),
('8996129800640', 11, 'G', 'Air Mineral Cleo 1500ml', '3800', '5000', 'Botol', '74', '2022-07-14 23:19:39', '2022-07-14 23:19:39'),
('8996129803504', 11, 'G', 'Air Mineral Cleo 550ml', '2000', '2500', 'Botol', '61', '2022-07-14 23:19:39', '2022-07-14 23:19:39'),
('300', 11, 'G', 'Minuman Iso Cup Gelas 175ml x 24', '15000', '16500', 'Gelas', '90', '2022-07-14 23:19:39', '2022-07-14 23:19:39'),
('899886650095', 11, 'G', 'Minuman Ale-Ale Rasa Sirsak 190ml x 24', '19500', '21000', 'Gelas', '50', '2022-07-14 23:19:39', '2022-07-14 23:19:39'),
('899886650071', 11, 'G', 'Minuman Ale-Ale Rasa Anggur 190ml x 24', '19500', '21000', 'Gelas', '57', '2022-07-14 23:19:39', '2022-07-14 23:19:39'),
('899886661229', 11, 'G', 'Minuman Ale-Ale Rasa Jambu 190ml x 24', '19500', '21000', 'Gelas', '95', '2022-07-14 23:19:39', '2022-07-14 23:19:39'),
('899886650031', 11, 'G', 'Minuman Ale-Ale Rasa Jeruk 190ml x 24', '19500', '21000', 'Gelas', '61', '2022-07-14 23:19:39', '2022-07-14 23:19:39'),
('899886650032', 11, 'G', 'Minuman Ale-Ale Rasa Strawberry 190ml x 24', '19500', '21000', 'Gelas', '80', '2022-07-14 23:19:39', '2022-07-14 23:19:39'),
('899886650037', 11, 'G', 'Minuman Teh Rio 180ml x 24', '20000', '21000', 'Gelas', '71', '2022-07-14 23:19:39', '2022-07-14 23:19:39'),
('560', 11, 'G', 'Minuman Teh Gelas 180ml x 24', '19000', '20000', 'Gelas', '51', '2022-07-14 23:19:39', '2022-07-14 23:19:39'),
('310', 9, 'H', 'Roma Arden Rasa Choco Splendid 30gr', '800', '1000', 'Pcs', '45', '2022-07-14 23:19:39', '2022-07-14 23:19:39'),
('320', 9, 'H', 'Roma Marie Gold Rasa Milk Chocolate 27gr', '800', '1000', 'Pcs', '32', '2022-07-14 23:19:39', '2022-07-14 23:19:39'),
('8996001375372', 9, 'H', 'Choki Choki Rasa Chococashew 10gr', '800', '1000', 'Pcs', '50', '2022-07-14 23:19:39', '2022-07-14 23:19:39'),
('8991102381017', 9, 'H', 'Fullo Rasa Vanilla Milk 7.5gr', '400', '500', 'Pcs', '30', '2022-07-14 23:19:39', '2022-07-14 23:19:39'),
('8991102308892', 9, 'H', 'Fullo Blasto Rasa Caramel & Crunchy Chocolate 15gr', '1200', '1500', 'Pcs', '43', '2022-07-14 23:19:39', '2022-07-14 23:19:39'),
('8996001354001', 9, 'H', 'Kalpa Wafer Coklat Kelapa', '1500', '2000', 'Pcs', '27', '2022-07-14 23:19:39', '2022-07-14 23:19:39'),
('8996001355046', 9, 'H', 'Superstar Triple Chocolate 16gr', '800', '1000', 'Pcs', '49', '2022-07-14 23:19:39', '2022-07-14 23:19:39'),
('8991102989428', 9, 'H', 'Tanggo Rasa Royal Chocolate 21gr', '1000', '1500', 'Pcs', '48', '2022-07-14 23:19:39', '2022-07-14 23:19:39'),
('8991102989305', 9, 'H', 'Tanggo Sassy Strawberry 7gr', '400', '500', 'Pcs', '32', '2022-07-14 23:19:39', '2022-07-14 23:19:39'),
('8991102385084', 9, 'H', 'Tanggo Royal Chocolate 7gr', '400', '500', 'Pcs', '44', '2022-07-14 23:19:39', '2022-07-14 23:19:39'),
('8991102385114', 9, 'H', 'Tanggo Vanilla Delight 7gr', '400', '500', 'Pcs', '34', '2022-07-14 23:19:39', '2022-07-14 23:19:39'),
('8991102385329', 9, 'H', 'Tanggo Waffle Cranch Milk 7gr', '400', '500', 'Pcs', '29', '2022-07-14 23:19:39', '2022-07-14 23:19:39'),
('8991102385053', 9, 'H', 'Tango Waffle Chocolate 7gr', '400', '500', 'Pcs', '32', '2022-07-14 23:19:39', '2022-07-14 23:19:39'),
('8991102987639', 9, 'H', 'Tanggo Vanilla Delight 130gr', '400', '500', 'Pcs', '43', '2022-07-14 23:19:39', '2022-07-14 23:19:39'),
('8991102770477', 9, 'H', 'Chizmill Rasa Jasuke 45gr', '1600', '2000', 'Pcs', '41', '2022-07-14 23:19:39', '2022-07-14 23:19:39'),
('8996001354124', 9, 'H', 'Beng Beng Extra Chocolate Caramel 25gr', '1600', '2000', 'Pcs', '45', '2022-07-14 23:19:39', '2022-07-14 23:19:39'),
('8991102792837', 9, 'H', 'Fugu and Friends Rasa Seaweed Rumput Laut 12gr', '800', '1000', 'Pcs', '44', '2022-07-14 23:19:39', '2022-07-14 23:19:39'),
('7622300065201', 9, 'H', 'Keju Craft Cheddar Mini 30gr', '4000', '5000', 'Pcs', '49', '2022-07-14 23:19:39', '2022-07-14 23:19:39'),
('8995899250747', 21, 'F', 'Bon Cabe Sachet Level 15', '1000', '1500', 'Pcs', '13', '2022-07-14 23:19:39', '2022-07-14 23:19:39'),
('14306980', 21, 'F', 'Saos Tape Ciu Cap Koki 150ml', '10000', '12000', 'Botol', '14', '2022-07-14 23:19:39', '2022-07-14 23:19:39'),
('210', 21, 'F', 'Kecap Ikan Cap Koki 150ml', '10000', '12000', 'Botol', '20', '2022-07-14 23:19:39', '2022-07-14 23:19:39'),
('220', 21, 'F', 'Sauce Inggeris Cap Koki 150ml', '10000', '12000', 'Botol', '16', '2022-07-14 23:19:39', '2022-07-14 23:19:39'),
('8992770033147', 2, 'F', 'Masako Rasa Sapi 8gr', '400', '500', 'Pcs', '44', '2022-07-14 23:19:39', '2022-07-14 23:19:39'),
('8992770033148', 2, 'F', 'Masako Rasa Ayam 8gr', '400', '500', 'Pcs', '30', '2022-07-14 23:19:39', '2022-07-14 23:19:39'),
('8999999502410', 2, 'F', 'Royco Rasa Sapi 8gr', '400', '500', 'Pcs', '28', '2022-07-14 23:19:39', '2022-07-14 23:19:39'),
('8999999502409', 2, 'F', 'Royco Rasa Ayam 8gr', '400', '500', 'Pcs', '35', '2022-07-14 23:19:39', '2022-07-14 23:19:39'),
('8992770094117', 2, 'F', 'Saori Saus Tiram 23ml', '2000', '2500', 'Pcs', '44', '2022-07-14 23:19:39', '2022-07-14 23:19:39'),
('72891681', 2, 'F', 'Cuka Makan Cap Koki 150ml', '4000', '5000', 'Botol', '21', '2022-07-14 23:19:39', '2022-07-14 23:19:39'),
('06112011', 2, 'F', 'Saos Raja Rasa 100ml', '4000', '5000', 'Botol', '23', '2022-07-14 23:19:39', '2022-07-14 23:19:39'),
('330', 2, 'F', 'Minyak Wijen Cap Burung Glatik 150ml', '7500', '8500', 'Botol', '25', '2022-07-14 23:19:39', '2022-07-14 23:19:39'),
('8992717900310', 2, 'F', 'Santen Sun Kara Bubuk 20gr', '2000', '2500', 'Pcs', '34', '2022-07-14 23:19:39', '2022-07-14 23:19:39'),
('8997231660030', 2, 'F', 'Ketumbar Bubuk Hachiko 7gr', '400', '500', 'Pcs', '18', '2022-07-14 23:19:39', '2022-07-14 23:19:39'),
('8997220180099', 2, 'F', 'Tepung Agar-Agar Swallow 7gr', '4000', '5000', 'Pcs', '35', '2022-07-14 23:19:39', '2022-07-14 23:19:39'),
('8992705012124', 2, 'F', 'Tepung Agar-Agar Putih Swallow 7gr', '4000', '5000', 'Pcs', '23', '2022-07-14 23:19:39', '2022-07-14 23:19:39'),
('8992705032108', 2, 'F', 'Tepung Agar-Agar Coklat Satellit 7gr', '3000', '4000', 'Pcs', '21', '2022-07-14 23:19:39', '2022-07-14 23:19:39'),
('8992933322118', 2, 'F', 'Bubuk Jelly Nutrijell Rasa Jeruk 10gr', '2000', '2500', 'Pcs', '25', '2022-07-14 23:19:39', '2022-07-14 23:19:39'),
('8992933326116', 2, 'F', 'Bubuk Jelly Nutrijell Rasa Mangga 10gr', '2000', '2500', 'Pcs', '21', '2022-07-14 23:19:39', '2022-07-14 23:19:39'),
('8992933324112', 2, 'F', 'Bubuk Jelly Nutrijell Rasa Cokelat 10gr', '2500', '3500', 'Pcs', '24', '2022-07-14 23:19:39', '2022-07-14 23:19:39'),
('170', 2, 'F', 'Pewarna Makanan Cendrawasih Warna Hijau Apel 15ml', '1500', '2000', 'Pcs', '20', '2022-07-14 23:19:39', '2022-07-14 23:19:39'),
('180', 2, 'F', 'Pewarna Makanan Cendrawasih Warna Kuning Telur 15ml', '1500', '2000', 'Pcs', '22', '2022-07-14 23:19:39', '2022-07-14 23:19:39'),
('190', 2, 'F', 'Pewarna Makanan Cendrawasih Warna Ungu 15ml', '1500', '2000', 'Pcs', '23', '2022-07-14 23:19:39', '2022-07-14 23:19:39'),
('200', 2, 'F', 'Pengembang Kue Cendrawasih 15gr', '2000', '2500', 'Pcs', '21', '2022-07-14 23:19:39', '2022-07-14 23:19:39'),
('8997013990072', 2, 'F', 'Vanilla Essence Cap Kapal Laju', '4000', '5000', 'Pcs', '21', '2022-07-14 23:19:39', '2022-07-14 23:19:39'),
('8997013990034', 2, 'F', 'Prambozen Essence Cap Kapal Laju', '4000', '5000', 'Pcs', '22', '2022-07-14 23:19:39', '2022-07-14 23:19:39'),
('8968638606', 2, 'F', 'Indofood Racik Bumbu Ayam Goreng 26gr', '2000', '2500', 'Pcs', '31', '2022-07-14 23:19:39', '2022-07-14 23:19:39'),
('8968638631', 2, 'F', 'Indofood Racik Bumbu Sayur Sop 20gr', '2000', '2500', 'Pcs', '39', '2022-07-14 23:19:39', '2022-07-14 23:19:39'),
('8968638611', 2, 'F', 'Indofood Racik Bumbu Sayur Asem 33gr', '2000', '2500', 'Pcs', '26', '2022-07-14 23:19:39', '2022-07-14 23:19:39'),
('8997230740092', 2, 'F', 'Bumbu Gulai Kalio Padang Cap Barkat', '800', '1000', 'Pcs', '22', '2022-07-14 23:19:39', '2022-07-14 23:19:39'),
('8886030322907', 16, 'F', 'Pembersih keramik Porstex 500ml', '14000', '16000', 'Botol', '19', '2022-07-14 23:19:39', '2022-07-14 23:19:39'),
('8886030323904', 16, 'F', 'Pembersih keramik Porstex 1000ml', '19000', '21000', 'Botol', '20', '2022-07-14 23:19:39', '2022-07-14 23:19:39'),
('8998866802314', 16, 'F', 'Pembersih Kloset WPC Extra Strong 250ml', '9500', '11000', 'Botol', '11', '2022-07-14 23:19:39', '2022-07-14 23:19:39'),
('8886030633904', 16, 'F', 'Pembersih Keramik Portex Regular 700ml', '16500', '18000', 'Botol', '18', '2022-07-14 23:19:39', '2022-07-14 23:19:39'),
('8998866601795', 16, 'F', 'Pembersih Porcelen WPC 400ml', '1500', '13000', 'Botol', '12', '2022-07-14 23:19:39', '2022-07-14 23:19:39'),
('8998866601788', 16, 'F', 'Pembersih Porcelen WPC 780ml', '16500', '18000', 'Botol', '16', '2022-07-14 23:19:39', '2022-07-14 23:19:39'),
('570', 16, 'F', 'Detergent Rinso 770gr', '22000', '24000', 'Pcs', '21', '2022-07-14 23:19:39', '2022-07-14 23:19:39'),
('8998866608725', 16, 'F', 'Detergent Daia Romantic Pink 800gr', '21000', '23000', 'Pcs', '20', '2022-07-14 23:19:39', '2022-07-14 23:19:39'),
('8998866803694', 16, 'F', 'Detergent So Klin Softergent Purple Lavender 770gr', '22000', '24000', 'Pcs', '20', '2022-07-14 23:19:39', '2022-07-14 23:19:39'),
('580', 16, 'F', 'Detergent Jaz1 one 50gr', '800', '1000', 'Pcs', '20', '2022-07-14 23:19:39', '2022-07-14 23:19:39'),
('590', 16, 'F', 'Detergent Rinso Cair Matic Refill 700ml', '25500', '28000', 'Pcs', '24', '2022-07-14 23:19:39', '2022-07-14 23:19:39'),
('600', 16, 'F', 'Pewangi Molto All in ONE 800ml', '22000', '24000', 'Pcs', '20', '2022-07-14 23:19:39', '2022-07-14 23:19:39'),
('610', 16, 'F', 'Pewangi Molto 450ml', '8500', '10000', 'Pcs', '24', '2022-07-14 23:19:39', '2022-07-14 23:19:39'),
('8998866608961', 16, 'F', 'Detergent So klin Liquid 22ml', '800', '1000', 'Pcs', '21', '2022-07-14 23:19:39', '2022-07-14 23:19:39'),
('620', 16, 'F', 'Detergent So klin Liquid 750ml', '21000', '24000', 'Pcs', '21', '2022-07-14 23:19:39', '2022-07-14 23:19:39'),
('630', 16, 'F', 'Detergent So klin Liquid 400ml', '8000', '11500', 'Pcs', '23', '2022-07-14 23:19:39', '2022-07-14 23:19:39'),
('640', 16, 'F', 'Pewangi So Klin 900ml', '15000', '16500', 'Pcs', '20', '2022-07-14 23:19:39', '2022-07-14 23:19:39'),
('650', 16, 'F', 'Pewangi So Klin 400ml', '7500', '8500', 'Pcs', '20', '2022-07-14 23:19:39', '2022-07-14 23:19:39'),
('660', 16, 'F', 'Handwash Bagus Fresh Botol 400ml', '19000', '21000', 'Botol', '18', '2022-07-14 23:19:39', '2022-07-14 23:19:39'),
('670', 16, 'F', 'Handwash Bagus Fresh Refill 375ml', '13000', '14000', 'Pcs', '13', '2022-07-14 23:19:39', '2022-07-14 23:19:39'),
('8998866611084', 16, 'F', 'So Klin Rapika 5 in 1 Luxurious Gold 8ml', '400', '500', 'Pcs', '25', '2022-07-14 23:19:39', '2022-07-14 23:19:39'),
('8998866605733', 16, 'F', 'So Klin Rapika 5 in 1 Cool Blue 8ml', '400', '500', 'Pcs', '20', '2022-07-14 23:19:39', '2022-07-14 23:19:39'),
('680', 16, 'F', 'Pelicin Rapika Refill 400ml', '5500', '6500', 'Pcs', '25', '2022-07-14 23:19:39', '2022-07-14 23:19:39'),
('690', 16, 'F', 'Pembersih Kaca Cling refill 425ml', '5500', '6500', 'Pcs', '25', '2022-07-14 23:19:39', '2022-07-14 23:19:39'),
('700', 16, 'F', 'Pembersih Lantai Soklin Lantai Refill 780ml', '10000', '12000', 'Pcs', '24', '2022-07-14 23:19:39', '2022-07-14 23:19:39'),
('710', 16, 'F', 'Pembersih Lantai Soklin Lantai Refill 345ml', '7500', '8500', 'Pcs', '23', '2022-07-14 23:19:39', '2022-07-14 23:19:39'),
('8998866670722', 16, 'F', 'Detergent Wings Biru Sabun Colek 160gr wb500', '1600', '2000', 'Pcs', '23', '2022-07-14 23:19:39', '2022-07-14 23:19:39'),
('8998866670739', 16, 'F', 'Detergent Wings Biru Sabun Colek 414gr wb900', '4200', '5000', 'Pcs', '23', '2022-07-14 23:19:39', '2022-07-14 23:19:39'),
('720', 16, 'F', 'Sabun Cuci Piring Sunlight Jeruk Nipis 770ml', '16000', '18000', 'Pcs', '25', '2022-07-14 23:19:39', '2022-07-14 23:19:39'),
('8999999524722', 16, 'F', 'Sabun Cuci Piring Sunlight Jeruk Nipis Cair 435ml', '9000', '10000', 'Pcs', '24', '2022-07-14 23:19:39', '2022-07-14 23:19:39'),
('8998866105156', 16, 'F', 'Sabun Cuci Piring Mama Lemon 780ml', '15500', '17000', 'Pcs', '22', '2022-07-14 23:19:39', '2022-07-14 23:19:39'),
('8998866105149', 16, 'F', 'Sabun Cuci Piring Mama Lemon 450ml', '8000', '9000', 'Pcs', '23', '2022-07-14 23:19:39', '2022-07-14 23:19:39'),
('8998866107068', 16, 'F', 'Sabun Cuci Piring Mama Lemon 230ml', '3500', '4000', 'Pcs', '23', '2022-07-14 23:19:39', '2022-07-14 23:19:39'),
('8998866105132', 16, 'F', 'Sabun Cuci Piring Mama Lemon 120ml', '1500', '2000', 'Pcs', '23', '2022-07-14 23:19:39', '2022-07-14 23:19:39'),
('8998866611701', 16, 'F', 'Sabun Cuci Piring Ekonomi Power Liquid 105+27ml', '1600', '2000', 'Pcs', '21', '2022-07-14 23:19:39', '2022-07-14 23:19:39'),
('8992745320241', 17, 'F', 'Pewangi Ruangan Stella Orange 400ml', '11000', '12000', 'Kaleng', '16', '2022-07-14 23:19:39', '2022-07-14 23:19:39'),
('8998899995984', 13, 'F', 'Baygon Wangi Zen Garden 600+75ml', '36000', '38000', 'Kaleng', '16', '2022-07-14 23:19:39', '2022-07-14 23:19:39'),
('8992745140962', 13, 'F', 'HIT Wangi Lily Blossom 600+75ml', '36000', '38000', 'Kaleng', '18', '2022-07-14 23:19:39', '2022-07-14 23:19:39'),
('8998866103237', 13, 'F', 'Lavenda Lotion Anti Nyamuk Fresh Floral 8ml', '400', '500', 'Pcs', '18', '2022-07-14 23:19:39', '2022-07-14 23:19:39'),
('8998866104883', 13, 'F', 'Lavenda Lotion Anti Nyamuk Fresh Citrus 8ml', '400', '500', 'Pcs', '18', '2022-07-14 23:19:39', '2022-07-14 23:19:39'),
('10', 1, 'B', 'Beras Bramu Alami 25kg', '270000', '280000', 'Karung', '300', '2022-07-14 23:19:39', '2022-07-27 20:45:02'),
('20', 1, 'B', 'Beras Bramu Alami 1/2kg', '5800', '6000', 'Kiloan', '100', '2022-07-14 23:19:39', '2022-07-27 20:45:02'),
('30', 1, 'A', 'Beras Putri Biru 25kg', '285000', '295000', 'Karung', '22', '2022-07-14 23:19:39', '2022-07-14 23:19:39'),
('40', 1, 'A', 'Beras Putri Biru 1/2kg', '6300', '6500', 'Kiloan', '82', '2022-07-14 23:19:39', '2022-07-14 23:19:39'),
('50', 1, 'A', 'Beras Tawon 25kg', '270000', '280000', 'Karung', '23', '2022-07-14 23:19:39', '2022-07-14 23:19:39'),
('60', 1, 'A', 'Beras Tawon 1/2kg', '6300', '6500', 'Kiloan', '92', '2022-07-14 23:19:39', '2022-07-14 23:19:39'),
('70', 1, 'A', 'Beras Putri Biru 5kg', '54000', '62000', 'Karung', '20', '2022-07-14 23:19:39', '2022-07-14 23:19:39'),
('80', 1, 'A', 'Beras Tawon 5kg', '51000', '57000', 'Karung', '67', '2022-07-14 23:19:39', '2022-07-14 23:19:39'),
('90', 4, 'F', 'Gula Gempol Kerep 1kg', '12000', '13000', 'Kiloan', '0', '2022-07-14 23:19:39', '2022-07-14 23:19:39'),
('100', 4, 'F', 'Gula Gempol Kerep 1/2 kg', '6000', '6500', 'Kiloan', '98', '2022-07-14 23:19:39', '2022-07-14 23:19:39'),
('8995177101112', 4, 'F', 'Gula Gulaku 1kg', '15000', '16500', 'Pcs', '24', '2022-07-14 23:19:39', '2022-07-14 23:19:39'),
('8995177102058', 4, 'F', 'Gula Gulaku Gold 1kg', '14000', '15500', 'Pcs', '24', '2022-07-14 23:19:39', '2022-07-14 23:19:39'),
('8886020001119', 3, 'F', 'Kamper Swallow 35gr', '3000', '3500', 'Pcs', '22', '2022-07-14 23:19:39', '2022-07-14 23:19:39');

-- --------------------------------------------------------

--
-- Table structure for table `biaya`
--

CREATE TABLE `biaya` (
  `id_biaya` int(11) NOT NULL,
  `keterangan` varchar(255) NOT NULL,
  `biaya` int(11) NOT NULL,
  `tanggal` timestamp NOT NULL DEFAULT CURRENT_TIMESTAMP ON UPDATE CURRENT_TIMESTAMP
) ENGINE=InnoDB DEFAULT CHARSET=utf8mb4;

--
-- Dumping data for table `biaya`
--

INSERT INTO `biaya` (`id_biaya`, `keterangan`, `biaya`, `tanggal`) VALUES
(2, 'Biaya Listrik Bulan Januari', 125000, '2022-06-23 14:22:07');

-- --------------------------------------------------------

--
-- Table structure for table `kategori`
--

CREATE TABLE `kategori` (
  `id_kategori` int(11) NOT NULL,
  `nama_kategori` varchar(255) NOT NULL,
  `tgl_input` varchar(255) NOT NULL
) ENGINE=InnoDB DEFAULT CHARSET=latin1;

--
-- Dumping data for table `kategori`
--

INSERT INTO `kategori` (`id_kategori`, `nama_kategori`, `tgl_input`) VALUES
(1, 'BERAS', '2022-07-01 15:02:48'),
(2, 'BUMBU', '2022-07-01 15:02:48'),
(3, 'DLL', '2022-07-01 15:02:48'),
(4, 'GULA', '2022-07-01 15:02:48'),
(5, 'KECANTIKAN', '2022-07-01 15:02:48'),
(6, 'KECAP', '2022-07-01 15:02:48'),
(8, 'KOPI&TEH', '2022-07-01 15:02:48'),
(9, 'MAKANAN', '2022-07-01 15:02:48'),
(10, 'MIE', '2022-07-01 15:02:48'),
(11, 'MINUMAN', '2022-07-01 15:02:48'),
(12, 'OBAT', '2022-07-01 15:02:48'),
(13, 'OBATNYAMUK', '2022-07-01 15:02:48'),
(14, 'PASTA GIGI', '2022-07-01 15:02:48'),
(15, 'PEMBALUT', '2022-07-01 15:02:48'),
(16, 'PEMBERSIH', '2022-07-01 15:02:48'),
(17, 'PENGHARUM', '2022-07-01 15:02:48'),
(18, 'POPOK', '2022-07-01 15:02:48'),
(19, 'ROKOK', '2022-07-01 15:02:48'),
(20, 'SABUN&SHAMPOO', '2022-07-01 15:02:48'),
(21, 'SAOS&SAMBAL', '2022-07-01 15:02:48'),
(22, 'SIKAT GIGI', '2022-07-01 15:02:48'),
(23, 'SUSU', '2022-07-01 15:02:48'),
(24, 'TISSU', '2022-07-01 15:02:48');

-- --------------------------------------------------------

--
-- Table structure for table `login`
--

CREATE TABLE `login` (
  `id_login` int(11) NOT NULL,
  `user` varchar(50) NOT NULL,
  `pass` varchar(50) NOT NULL,
  `level` varchar(50) NOT NULL
) ENGINE=InnoDB DEFAULT CHARSET=latin1;

--
-- Dumping data for table `login`
--

INSERT INTO `login` (`id_login`, `user`, `pass`, `level`) VALUES
(15, 'admin', '21232f297a57a5a743894a0e4a801fc3', 'admin'),
(16, 'kasir', '21232f297a57a5a743894a0e4a801fc3', 'kasir');

-- --------------------------------------------------------

--
-- Table structure for table `pembelian`
--

CREATE TABLE `pembelian` (
  `id_pembelian` varchar(255) NOT NULL,
  `id_barcode` varchar(255) NOT NULL,
  `Jumlah` int(11) NOT NULL,
  `total` int(255) NOT NULL,
  `tanggal_pesan` timestamp NOT NULL DEFAULT CURRENT_TIMESTAMP ON UPDATE CURRENT_TIMESTAMP,
  `tanggal_diterima` timestamp NULL DEFAULT NULL,
  `status` varchar(1) NOT NULL,
  `aktif` int(1) NOT NULL
) ENGINE=InnoDB DEFAULT CHARSET=utf8mb4;

--
-- Dumping data for table `pembelian`
--

INSERT INTO `pembelian` (`id_pembelian`, `id_barcode`, `Jumlah`, `total`, `tanggal_pesan`, `tanggal_diterima`, `status`, `aktif`) VALUES
('202207196306772488', '10', 100, 28000000, '2022-07-19 07:20:43', '2022-07-19 07:20:43', '1', 0),
('202207194798278943', '10', 100, 27000000, '2022-07-19 07:22:51', '2022-07-19 07:22:51', '1', 0),
('202207197171557784', '500060', 2, 4400, '2022-07-19 07:24:01', '2022-07-19 07:24:01', '1', 0),
('202207273637138290', '30', 3, 855000, '2022-07-27 11:41:10', '2022-07-27 11:41:10', '0', 0),
('202207270365503398', '10', 100, 27000000, '2022-07-27 13:45:02', '2022-07-27 13:45:02', '1', 0),
('202207270365503398', '20', 37, 214600, '2022-07-27 13:45:02', '2022-07-27 13:45:02', '1', 0),
('202207272743421717', '10', 100, 27000000, '2022-07-27 13:53:51', '2022-07-27 13:53:51', '0', 0);

-- --------------------------------------------------------

--
-- Table structure for table `supplier`
--

CREATE TABLE `supplier` (
  `kode_supplier` varchar(50) NOT NULL,
  `nama_supplier` varchar(255) NOT NULL,
  `telp` varchar(20) NOT NULL,
  `biaya_pengiriman` int(11) NOT NULL,
  `lead_time` int(11) NOT NULL
) ENGINE=InnoDB DEFAULT CHARSET=utf8mb4;

--
-- Dumping data for table `supplier`
--

INSERT INTO `supplier` (`kode_supplier`, `nama_supplier`, `telp`, `biaya_pengiriman`, `lead_time`) VALUES
('A', 'PT. PUTRI BIRU', '-', 40000, 2),
('B', 'UD.FARID ALAMI', '-', 40000, 2),
('C', 'PT.INDOMARCO', '-', 5000, 2),
('D', 'PT.WINGS', '-', 5000, 2),
('E', 'PT.UNILEVER', '-', 5000, 2),
('F', 'TOKOBAGUS', '-', 5000, 2),
('G', 'PT.SAKTI', '-', 5000, 2),
('H', 'PT OT', '-', 5000, 2),
('I', 'INDOMARET', '-', 5000, 1),
('J', 'TOKO KUNING', '-', 5000, 1);

-- --------------------------------------------------------

--
-- Table structure for table `toko`
--

CREATE TABLE `toko` (
  `nama` varchar(255) NOT NULL,
  `alamat` varchar(255) NOT NULL,
  `telp` varchar(255) NOT NULL,
  `hari_kerja` int(11) NOT NULL,
  `biaya_gudang` int(11) NOT NULL,
  `biaya_listrik` int(11) NOT NULL
) ENGINE=InnoDB DEFAULT CHARSET=utf8mb4;

--
-- Dumping data for table `toko`
--

INSERT INTO `toko` (`nama`, `alamat`, `telp`, `hari_kerja`, `biaya_gudang`, `biaya_listrik`) VALUES
('Toko Murah', 'Jl. Penanggungan 9, Wates, Kota Mojokerto', '081331022665', 317, 50000, 0);

-- --------------------------------------------------------

--
-- Table structure for table `transaksi`
--

CREATE TABLE `transaksi` (
  `id_transaksi` varchar(255) NOT NULL,
  `id_login` int(11) DEFAULT NULL,
  `id_barcode` varchar(255) DEFAULT NULL,
  `jumlah` int(255) DEFAULT NULL,
  `total` int(255) DEFAULT NULL,
  `tanggal_input` timestamp NULL DEFAULT CURRENT_TIMESTAMP
) ENGINE=InnoDB DEFAULT CHARSET=latin1;

--
-- Dumping data for table `transaksi`
--

INSERT INTO `transaksi` (`id_transaksi`, `id_login`, `id_barcode`, `jumlah`, `total`, `tanggal_input`) VALUES
('123456789', 16, '500060', 23, 69000, '2020-12-31 17:00:00'),
('123456790', 16, '10102610668', 68, 612000, '2020-12-31 17:00:00'),
('123456791', 16, '8992931025202', 5, 25000, '2020-12-31 17:00:00'),
('123456792', 16, '8992931029521', 10, 35000, '2020-12-31 17:00:00'),
('123456793', 16, '8993189320279', 45, 450000, '2020-12-31 17:00:00'),
('123456794', 16, '89998866602273', 42, 147000, '2020-12-31 17:00:00'),
('123456795', 16, '89998866500135', 42, 252000, '2020-12-31 17:00:00'),
('123456796', 16, '8992727000055', 32, 352000, '2020-12-31 17:00:00'),
('123456797', 16, '8992727000062', 27, 445500, '2020-12-31 17:00:00'),
('123456798', 16, '8998866575010', 34, 119000, '2020-12-31 17:00:00'),
('123456799', 16, '8998866500128', 47, 164500, '2020-12-31 17:00:00'),
('123456800', 16, '8968696043', 40, 200000, '2020-12-31 17:00:00'),
('123456801', 16, '8993189270796', 50, 125000, '2020-12-31 17:00:00'),
('123456802', 16, '8998866608305', 70, 175000, '2020-12-31 17:00:00'),
('123456803', 16, '8998866606158', 69, 276000, '2020-12-31 17:00:00'),
('123456804', 16, '8998866618199', 190, 760000, '2020-12-31 17:00:00'),
('123456805', 16, '8998866608091', 76, 266000, '2020-12-31 17:00:00'),
('123456806', 16, '8999999533774', 82, 615000, '2020-12-31 17:00:00'),
('123456807', 16, '4809010740212', 20, 360000, '2020-12-31 17:00:00'),
('123456808', 16, '8992946511790', 286, 1144000, '2020-12-31 17:00:00'),
('123456809', 16, '8992946512285', 131, 524000, '2020-12-31 17:00:00'),
('123456810', 16, '8992946521409', 245, 980000, '2020-12-31 17:00:00'),
('123456811', 16, '8993560025021', 297, 1633500, '2020-12-31 17:00:00'),
('123456812', 16, '8993560024987', 132, 726000, '2020-12-31 17:00:00'),
('123456813', 16, '8993560025236', 62, 341000, '2020-12-31 17:00:00'),
('123456814', 16, '8999999036638', 50, 225000, '2020-12-31 17:00:00'),
('123456815', 16, '8999999036638', 33, 148500, '2020-12-31 17:00:00'),
('123456816', 16, '8999999036607', 28, 126000, '2020-12-31 17:00:00'),
('123456817', 16, '8999999036607', 42, 189000, '2020-12-31 17:00:00'),
('123456818', 16, '8990011998897', 35, 385000, '2020-12-31 17:00:00'),
('123456819', 16, '8991906101644', 298, 4321000, '2020-12-31 17:00:00'),
('123456820', 16, '8991906101668', 232, 4292000, '2020-12-31 17:00:00'),
('123456821', 16, '110', 61, 793000, '2020-12-31 17:00:00'),
('123456822', 16, '8991906101019', 376, 7520000, '2020-12-31 17:00:00'),
('123456823', 16, '8991906108384', 271, 7046000, '2020-12-31 17:00:00'),
('123456824', 16, '8998181941132', 57, 1425000, '2020-12-31 17:00:00'),
('123456825', 16, '8998989300391', 64, 1408000, '2020-12-31 17:00:00'),
('123456826', 16, '8998989121163', 49, 1078000, '2020-12-31 17:00:00'),
('123456827', 16, '8998989300261', 37, 777000, '2020-12-31 17:00:00'),
('123456828', 16, '8998989110167', 29, 783000, '2020-12-31 17:00:00'),
('123456829', 16, '8991906151076', 44, 1100000, '2020-12-31 17:00:00'),
('123456830', 16, '8991906151106', 40, 1000000, '2020-12-31 17:00:00'),
('123456831', 16, '8991906105758', 40, 1140000, '2020-12-31 17:00:00'),
('123456832', 16, '120', 67, 938000, '2020-12-31 17:00:00'),
('123456833', 16, '130', 32, 240000, '2020-12-31 17:00:00'),
('123456834', 16, '140', 86, 1118000, '2020-12-31 17:00:00'),
('123456835', 16, '150', 54, 378000, '2020-12-31 17:00:00'),
('123456836', 16, '8999909085114', 128, 1664000, '2020-12-31 17:00:00'),
('123456837', 16, '8999909424999', 75, 2025000, '2020-12-31 17:00:00'),
('123456838', 16, '8999909028234', 120, 2160000, '2020-12-31 17:00:00'),
('123456839', 16, '8999909010567', 71, 1704000, '2020-12-31 17:00:00'),
('123456840', 16, '160', 40, 320000, '2020-12-31 17:00:00'),
('123456841', 16, '8999909028999', 79, 1896000, '2020-12-31 17:00:00'),
('123456842', 16, '8999909001909', 69, 1242000, '2020-12-31 17:00:00'),
('123456843', 16, '89981108', 85, 2635000, '2020-12-31 17:00:00'),
('123456844', 16, '89909379', 74, 666000, '2020-12-31 17:00:00'),
('123456845', 16, '95508788', 81, 2632500, '2020-12-31 17:00:00'),
('123456846', 16, '76164217', 225, 7312500, '2020-12-31 17:00:00'),
('123456847', 16, '8997018460150', 32, 1040000, '2020-12-31 17:00:00'),
('123456848', 16, '8994066110129', 47, 352500, '2020-12-31 17:00:00'),
('123456849', 16, '8992727006323', 7, 168000, '2020-12-31 17:00:00'),
('123456850', 16, '8992727004206', 8, 192000, '2020-12-31 17:00:00'),
('123456851', 16, '8992727003537', 2, 54000, '2020-12-31 17:00:00'),
('123456852', 16, '8992727005111', 39, 1053000, '2020-12-31 17:00:00'),
('123456853', 16, '8992727000673', 45, 675000, '2020-12-31 17:00:00'),
('123456854', 16, '8999999718978', 89, 1424000, '2020-12-31 17:00:00'),
('123456855', 16, '8992304014451', 23, 92000, '2020-12-31 17:00:00'),
('123456856', 16, '8992772231015', 74, 222000, '2020-12-31 17:00:00'),
('123456857', 16, '8999777001186', 33, 66000, '2020-12-31 17:00:00'),
('123456858', 16, '8993365170025', 26, 26000, '2020-12-31 17:00:00'),
('123456859', 16, '8993176721690', 44, 484000, '2020-12-31 17:00:00'),
('123456860', 16, '8993176803204', 38, 570000, '2020-12-31 17:00:00'),
('123456861', 16, '8992003782354', 87, 261000, '2020-12-31 17:00:00'),
('123456862', 16, '8998898101409', 128, 4352000, '2020-12-31 17:00:00'),
('123456863', 16, '899358304201', 85, 255000, '2020-12-31 17:00:00'),
('123456864', 16, '8999999100506', 487, 11688000, '2020-12-31 17:00:00'),
('123456865', 16, '8999999168889', 57, 741000, '2020-12-31 17:00:00'),
('123456866', 16, '8998866608084', 71, 1491000, '2020-12-31 17:00:00'),
('123456867', 16, '8998866608046', 57, 541500, '2020-12-31 17:00:00'),
('123456868', 16, '8998866608015', 93, 1767000, '2020-12-31 17:00:00'),
('123456869', 16, '8998866608008', 227, 1702500, '2020-12-31 17:00:00'),
('123456870', 16, '8998866608039', 321, 642000, '2020-12-31 17:00:00'),
('123456871', 16, '711844110113', 59, 413000, '2020-12-31 17:00:00'),
('123456872', 16, '711844115057', 38, 190000, '2020-12-31 17:00:00'),
('123456873', 16, '8999999012625', 82, 779000, '2020-12-31 17:00:00'),
('123456874', 16, '340', 30, 630000, '2020-12-31 17:00:00'),
('123456875', 16, '350', 90, 135000, '2020-12-31 17:00:00'),
('123456876', 16, '711844130112', 81, 567000, '2020-12-31 17:00:00'),
('123456877', 16, '711844120105', 46, 322000, '2020-12-31 17:00:00'),
('123456878', 16, '711844130111', 77, 539000, '2020-12-31 17:00:00'),
('123456879', 16, '230', 264, 396000, '2020-12-31 17:00:00'),
('123456880', 16, '8999999706180', 269, 2959000, '2020-12-31 17:00:00'),
('123456881', 16, '8999999706173', 94, 799000, '2020-12-31 17:00:00'),
('123456882', 16, '8999999706081', 116, 580000, '2020-12-31 17:00:00'),
('123456883', 16, '8991102100458', 93, 418500, '2020-12-31 17:00:00'),
('123456884', 16, '8998866100168', 80, 840000, '2020-12-31 17:00:00'),
('123456885', 16, '8998866181082', 37, 388500, '2020-12-31 17:00:00'),
('123456886', 16, '8998866100151', 88, 704000, '2020-12-31 17:00:00'),
('123456887', 16, '8998866105064', 46, 368000, '2020-12-31 17:00:00'),
('123456888', 16, '8998866100144', 45, 225000, '2020-12-31 17:00:00'),
('123456889', 16, '8998866181068', 44, 220000, '2020-12-31 17:00:00'),
('123456890', 16, '8992725910332', 27, 648000, '2020-12-31 17:00:00'),
('123456891', 16, '8998866105934', 77, 231000, '2020-12-31 17:00:00'),
('123456892', 16, '240', 53, 397500, '2020-12-31 17:00:00'),
('123456893', 16, '8999999048174', 148, 1776000, '2020-12-31 17:00:00'),
('123456894', 16, '250', 78, 1716000, '2020-12-31 17:00:00'),
('123456895', 16, '8999999033132', 69, 1449000, '2020-12-31 17:00:00'),
('123456896', 16, '8999999719616', 69, 1518000, '2020-12-31 17:00:00'),
('123456897', 16, '8999999033163', 77, 962500, '2020-12-31 17:00:00'),
('123456898', 16, '8999999033200', 57, 7125000, '2020-12-31 17:00:00'),
('123456899', 16, '8998866104043', 78, 858000, '2020-12-31 17:00:00'),
('123456900', 16, '8998866100649', 60, 1200000, '2020-12-31 17:00:00'),
('123456901', 16, '8998866106313', 80, 760000, '2020-12-31 17:00:00'),
('123456902', 16, '8998866106306', 86, 559000, '2020-12-31 17:00:00'),
('123456903', 16, '8998866105491', 84, 546000, '2020-12-31 17:00:00'),
('123456904', 16, '360', 452, 2712000, '2020-12-31 17:00:00'),
('123456905', 16, '370', 463, 231500, '2020-12-31 17:00:00'),
('123456906', 16, '8991002105645', 441, 485100, '2020-12-31 17:00:00'),
('123456907', 16, '8994171101081', 376, 564000, '2020-12-31 17:00:00'),
('123456908', 16, '8994171101289', 428, 470800, '2020-12-31 17:00:00'),
('123456909', 16, '9311931024036', 214, 278200, '2020-12-31 17:00:00'),
('123456910', 16, '8996001410042', 384, 422400, '2020-12-31 17:00:00'),
('123456911', 16, '380', 481, 529100, '2020-12-31 17:00:00'),
('123456912', 16, '390', 365, 730000, '2020-12-31 17:00:00'),
('123456913', 16, '8998666001306', 356, 712000, '2020-12-31 17:00:00'),
('123456914', 16, '8998866200646', 95, 1045000, '2020-12-31 17:00:00'),
('123456915', 16, '400', 105, 157500, '2020-12-31 17:00:00'),
('123456916', 16, '410', 323, 484500, '2020-12-31 17:00:00'),
('123456917', 16, '8998866609234', 235, 352500, '2020-12-31 17:00:00'),
('123456918', 16, '420', 131, 65500, '2020-12-31 17:00:00'),
('123456919', 16, '430', 180, 270000, '2020-12-31 17:00:00'),
('123456920', 16, '8991002186723', 221, 773500, '2020-12-31 17:00:00'),
('123456921', 16, '8991002103733', 322, 805000, '2020-12-31 17:00:00'),
('123456922', 16, '260', 141, 2256000, '2020-12-31 17:00:00'),
('123456923', 16, '8997021290164', 54, 351000, '2020-12-31 17:00:00'),
('123456924', 16, '8994286130570', 56, 420000, '2020-12-31 17:00:00'),
('123456925', 16, '8999999195649', 60, 450000, '2020-12-31 17:00:00'),
('123456926', 16, '8998866202800', 246, 369000, '2020-12-31 17:00:00'),
('123456927', 16, '8992702000018', 71, 816500, '2020-12-31 17:00:00'),
('123456928', 16, '8992702000063', 91, 955500, '2020-12-31 17:00:00'),
('123456929', 16, '8993007001557', 170, 170000, '2020-12-31 17:00:00'),
('123456930', 16, '8993007001359', 151, 151000, '2020-12-31 17:00:00'),
('123456931', 16, '270', 94, 705000, '2020-12-31 17:00:00'),
('123456932', 16, '280', 92, 322000, '2020-12-31 17:00:00'),
('123456933', 16, '290', 57, 627000, '2020-12-31 17:00:00'),
('123456934', 16, '440', 93, 232500, '2020-12-31 17:00:00'),
('123456935', 16, '8991688890484', 77, 192500, '2020-12-31 17:00:00'),
('123456936', 16, '8943448211724', 70, 350000, '2020-12-31 17:00:00'),
('123456937', 16, '8998866200981', 51, 127500, '2020-12-31 17:00:00'),
('123456938', 16, '450', 476, 1428000, '2020-12-31 17:00:00'),
('123456939', 16, '460', 479, 1341200, '2020-12-31 17:00:00'),
('123456940', 16, '470', 301, 903000, '2020-12-31 17:00:00'),
('123456941', 16, '480', 470, 1410000, '2020-12-31 17:00:00'),
('123456942', 16, '490', 373, 1119000, '2020-12-31 17:00:00'),
('123456943', 16, '500', 383, 1149000, '2020-12-31 17:00:00'),
('123456944', 16, '8998866200882', 498, 1992000, '2020-12-31 17:00:00'),
('123456945', 16, '8996001440353', 370, 555000, '2020-12-31 17:00:00'),
('123456946', 16, '510', 411, 616500, '2020-12-31 17:00:00'),
('123456947', 16, '520', 330, 495000, '2020-12-31 17:00:00'),
('123456948', 16, '530', 390, 780000, '2020-12-31 17:00:00'),
('123456949', 16, '8992987001014', 1, 10000, '2020-12-31 17:00:00'),
('123456950', 16, '8993160280851', 9, 144000, '2020-12-31 17:00:00'),
('123456951', 16, '888600810104', 427, 13664000, '2020-12-31 17:00:00'),
('123456952', 16, '540', 456, 2280000, '2020-12-31 17:00:00'),
('123456953', 16, '550', 389, 1361500, '2020-12-31 17:00:00'),
('123456954', 16, '8996129803153', 383, 7660000, '2020-12-31 17:00:00'),
('123456955', 16, '8996129804372', 416, 8320000, '2020-12-31 17:00:00'),
('123456956', 16, '8996129809131', 430, 8600000, '2020-12-31 17:00:00'),
('123456957', 16, '8996129800640', 334, 1670000, '2020-12-31 17:00:00'),
('123456958', 16, '8996129803504', 437, 1092500, '2020-12-31 17:00:00'),
('123456959', 16, '300', 422, 6963000, '2020-12-31 17:00:00'),
('123456960', 16, '899886650095', 485, 10185000, '2020-12-31 17:00:00'),
('123456961', 16, '899886650071', 328, 6888000, '2020-12-31 17:00:00'),
('123456962', 16, '899886661229', 344, 7224000, '2020-12-31 17:00:00'),
('123456963', 16, '899886650031', 498, 10458000, '2020-12-31 17:00:00'),
('123456964', 16, '899886650032', 385, 8085000, '2020-12-31 17:00:00'),
('123456965', 16, '899886650037', 360, 7560000, '2020-12-31 17:00:00'),
('123456966', 16, '560', 389, 7780000, '2020-12-31 17:00:00'),
('123456967', 16, '310', 181, 181000, '2020-12-31 17:00:00'),
('123456968', 16, '320', 296, 296000, '2020-12-31 17:00:00'),
('123456969', 16, '8996001375372', 260, 260000, '2020-12-31 17:00:00'),
('123456970', 16, '8991102381017', 229, 114500, '2020-12-31 17:00:00'),
('123456971', 16, '8991102308892', 259, 388500, '2020-12-31 17:00:00'),
('123456972', 16, '8996001354001', 123, 246000, '2020-12-31 17:00:00'),
('123456973', 16, '8996001355046', 219, 219000, '2020-12-31 17:00:00'),
('123456974', 16, '8991102989428', 197, 295500, '2020-12-31 17:00:00'),
('123456975', 16, '8991102989305', 143, 71500, '2020-12-31 17:00:00'),
('123456976', 16, '8991102385084', 200, 100000, '2020-12-31 17:00:00'),
('123456977', 16, '8991102385114', 201, 100500, '2020-12-31 17:00:00'),
('123456978', 16, '8991102385329', 251, 125500, '2020-12-31 17:00:00'),
('123456979', 16, '8991102385053', 229, 114500, '2020-12-31 17:00:00'),
('123456980', 16, '8991102987639', 214, 107000, '2020-12-31 17:00:00'),
('123456981', 16, '8991102770477', 116, 232000, '2020-12-31 17:00:00'),
('123456982', 16, '8996001354124', 141, 282000, '2020-12-31 17:00:00'),
('123456983', 16, '8991102792837', 199, 199000, '2020-12-31 17:00:00'),
('123456984', 16, '7622300065201', 249, 1245000, '2020-12-31 17:00:00'),
('123456985', 16, '8995899250747', 36, 54000, '2020-12-31 17:00:00'),
('123456986', 16, '14306980', 37, 444000, '2020-12-31 17:00:00'),
('123456987', 16, '210', 47, 564000, '2020-12-31 17:00:00'),
('123456988', 16, '220', 40, 480000, '2020-12-31 17:00:00'),
('123456989', 16, '8992770033147', 240, 120000, '2020-12-31 17:00:00'),
('123456990', 16, '8992770033148', 257, 128500, '2020-12-31 17:00:00'),
('123456991', 16, '8999999502410', 155, 77500, '2020-12-31 17:00:00'),
('123456992', 16, '8999999502409', 279, 139500, '2020-12-31 17:00:00'),
('123456993', 16, '8992770094117', 149, 372500, '2020-12-31 17:00:00'),
('123456994', 16, '72891681', 51, 255000, '2020-12-31 17:00:00'),
('123456995', 16, '06112011', 72, 360000, '2020-12-31 17:00:00'),
('123456996', 16, '330', 52, 442000, '2020-12-31 17:00:00'),
('123456997', 16, '8992717900310', 265, 662500, '2020-12-31 17:00:00'),
('123456998', 16, '8997231660030', 28, 14000, '2020-12-31 17:00:00'),
('123456999', 16, '8997220180099', 192, 960000, '2020-12-31 17:00:00'),
('123457000', 16, '8992705012124', 88, 440000, '2020-12-31 17:00:00'),
('123457001', 16, '8992705032108', 75, 300000, '2020-12-31 17:00:00'),
('123457002', 16, '8992933322118', 78, 195000, '2020-12-31 17:00:00'),
('123457003', 16, '8992933326116', 66, 165000, '2020-12-31 17:00:00'),
('123457004', 16, '8992933324112', 71, 248500, '2020-12-31 17:00:00'),
('123457005', 16, '170', 89, 178000, '2020-12-31 17:00:00'),
('123457006', 16, '180', 86, 172000, '2020-12-31 17:00:00'),
('123457007', 16, '190', 95, 190000, '2020-12-31 17:00:00'),
('123457008', 16, '200', 76, 190000, '2020-12-31 17:00:00'),
('123457009', 16, '8997013990072', 71, 355000, '2020-12-31 17:00:00'),
('123457010', 16, '8997013990034', 88, 440000, '2020-12-31 17:00:00'),
('123457011', 16, '8968638606', 293, 732500, '2020-12-31 17:00:00'),
('123457012', 16, '8968638631', 230, 575000, '2020-12-31 17:00:00'),
('123457013', 16, '8968638611', 215, 537500, '2020-12-31 17:00:00'),
('123457014', 16, '8997230740092', 78, 78000, '2020-12-31 17:00:00'),
('123457015', 16, '8886030322907', 49, 784000, '2020-12-31 17:00:00'),
('123457016', 16, '8886030323904', 34, 714000, '2020-12-31 17:00:00'),
('123457017', 16, '8998866802314', 44, 484000, '2020-12-31 17:00:00'),
('123457018', 16, '8886030633904', 45, 810000, '2020-12-31 17:00:00'),
('123457019', 16, '8998866601795', 28, 364000, '2020-12-31 17:00:00'),
('123457020', 16, '8998866601788', 32, 576000, '2020-12-31 17:00:00'),
('123457021', 16, '570', 69, 1656000, '2020-12-31 17:00:00'),
('123457022', 16, '8998866608725', 55, 1265000, '2020-12-31 17:00:00'),
('123457023', 16, '8998866803694', 67, 1608000, '2020-12-31 17:00:00'),
('123457024', 16, '580', 88, 88000, '2020-12-31 17:00:00'),
('123457025', 16, '590', 71, 1988000, '2020-12-31 17:00:00'),
('123457026', 16, '600', 57, 1368000, '2020-12-31 17:00:00'),
('123457027', 16, '610', 82, 820000, '2020-12-31 17:00:00'),
('123457028', 16, '8998866608961', 82, 82000, '2020-12-31 17:00:00'),
('123457029', 16, '620', 77, 1848000, '2020-12-31 17:00:00'),
('123457030', 16, '630', 53, 609500, '2020-12-31 17:00:00'),
('123457031', 16, '640', 88, 1452000, '2020-12-31 17:00:00'),
('123457032', 16, '650', 95, 807500, '2020-12-31 17:00:00'),
('123457033', 16, '660', 47, 987000, '2020-12-31 17:00:00'),
('123457034', 16, '670', 26, 364000, '2020-12-31 17:00:00'),
('123457035', 16, '8998866611084', 82, 41000, '2020-12-31 17:00:00'),
('123457036', 16, '8998866605733', 94, 47000, '2020-12-31 17:00:00'),
('123457037', 16, '680', 78, 507000, '2020-12-31 17:00:00'),
('123457038', 16, '690', 58, 377000, '2020-12-31 17:00:00'),
('123457039', 16, '700', 60, 720000, '2020-12-31 17:00:00'),
('123457040', 16, '710', 58, 493000, '2020-12-31 17:00:00'),
('123457041', 16, '8998866670722', 93, 186000, '2020-12-31 17:00:00'),
('123457042', 16, '8998866670739', 85, 425000, '2020-12-31 17:00:00'),
('123457043', 16, '720', 74, 1332000, '2020-12-31 17:00:00'),
('123457044', 16, '8999999524722', 65, 650000, '2020-12-31 17:00:00'),
('123457045', 16, '8998866105156', 63, 1071000, '2020-12-31 17:00:00'),
('123457046', 16, '8998866105149', 84, 756000, '2020-12-31 17:00:00'),
('123457047', 16, '8998866107068', 84, 336000, '2020-12-31 17:00:00'),
('123457048', 16, '8998866105132', 61, 122000, '2020-12-31 17:00:00'),
('123457049', 16, '8998866611701', 64, 128000, '2020-12-31 17:00:00'),
('123457050', 16, '8992745320241', 39, 468000, '2020-12-31 17:00:00'),
('123457051', 16, '8998899995984', 26, 988000, '2020-12-31 17:00:00'),
('123457052', 16, '8992745140962', 29, 1102000, '2020-12-31 17:00:00'),
('123457053', 16, '8998866103237', 40, 20000, '2020-12-31 17:00:00'),
('123457054', 16, '8998866104883', 47, 23500, '2020-12-31 17:00:00'),
('123457055', 16, '10', 258, 72240000, '2020-12-31 17:00:00'),
('123457056', 16, '20', 473, 2838000, '2020-12-31 17:00:00'),
('123457057', 16, '30', 61, 17995000, '2020-12-31 17:00:00'),
('123457058', 16, '40', 346, 2249000, '2020-12-31 17:00:00'),
('123457059', 16, '50', 52, 14560000, '2020-12-31 17:00:00'),
('123457060', 16, '60', 450, 2925000, '2020-12-31 17:00:00'),
('123457061', 16, '70', 86, 5332000, '2020-12-31 17:00:00'),
('123457062', 16, '80', 354, 20178000, '2020-12-31 17:00:00'),
('123457063', 16, '90', 87, 1131000, '2020-12-31 17:00:00'),
('123457064', 16, '100', 463, 3009500, '2020-12-31 17:00:00'),
('123457065', 16, '8995177101112', 51, 841500, '2020-12-31 17:00:00'),
('123457066', 16, '8995177102058', 91, 1410500, '2020-12-31 17:00:00'),
('123457067', 16, '8886020001119', 80, 280000, '2020-12-31 17:00:00'),
('920376253320220714', 16, NULL, NULL, NULL, '2022-07-14 16:22:15'),
('920376253320220714', 16, '10', 22, 6160000, '2022-07-14 16:22:25'),
('810363959820220714', 16, NULL, NULL, NULL, '2022-07-14 16:22:32'),
('810363959820220714', 16, '90', 25, 325000, '2022-07-19 05:02:35'),
('835169162120220719', 16, NULL, NULL, NULL, '2022-07-19 05:02:48'),
('835169162120220719', 16, '70', 4, 248000, '2022-07-19 06:16:33'),
('572931029420220719', 16, NULL, NULL, NULL, '2022-07-19 06:19:12');

--
-- Indexes for dumped tables
--

--
-- Indexes for table `biaya`
--
ALTER TABLE `biaya`
  ADD PRIMARY KEY (`id_biaya`);

--
-- Indexes for table `kategori`
--
ALTER TABLE `kategori`
  ADD PRIMARY KEY (`id_kategori`);

--
-- Indexes for table `login`
--
ALTER TABLE `login`
  ADD PRIMARY KEY (`id_login`);

--
-- AUTO_INCREMENT for dumped tables
--

--
-- AUTO_INCREMENT for table `biaya`
--
ALTER TABLE `biaya`
  MODIFY `id_biaya` int(11) NOT NULL AUTO_INCREMENT, AUTO_INCREMENT=3;

--
-- AUTO_INCREMENT for table `kategori`
--
ALTER TABLE `kategori`
  MODIFY `id_kategori` int(11) NOT NULL AUTO_INCREMENT, AUTO_INCREMENT=25;

--
-- AUTO_INCREMENT for table `login`
--
ALTER TABLE `login`
  MODIFY `id_login` int(11) NOT NULL AUTO_INCREMENT, AUTO_INCREMENT=17;
COMMIT;

/*!40101 SET CHARACTER_SET_CLIENT=@OLD_CHARACTER_SET_CLIENT */;
/*!40101 SET CHARACTER_SET_RESULTS=@OLD_CHARACTER_SET_RESULTS */;
/*!40101 SET COLLATION_CONNECTION=@OLD_COLLATION_CONNECTION */;
